vegetation_code,vegetation_class,area_ha_available,area_ha_burned,percent_burned/available,quotient_over_subantarctic,percent_available_area,percent_burned_area
1,Non burnable,709229.301180872,4947.95229216361,0.697651984192592,0.210744359835954,NA,NA
2,Subalpine forest,800760.797027474,26508.5319172822,3.31041829416291,1,36.1289051915201,21.7500738790581
3,Wet forest,321593.023658615,17719.4028562416,5.50988409345954,1.66440721499601,14.5097061508841,14.5386520241352
4,Dry forest,260568.48743792,18669.6787399219,7.16497951210233,2.1643728602926,11.756387442403,15.3183470574184
5,Shrubland,437423.483393245,38561.625504816,8.81562763976002,2.66299508291873,19.7357708053692,31.6395568884567
6,Steppe and grassland,342990.30319449,17978.0655820578,5.24156671912193,1.58335480696325,15.4751134068059,14.7508830678541
7,Anthropogenic prairie and shrubland,43661.3118564629,1239.7414952603,2.83945086060622,0.857731745143168,1.9699208583327,1.01719963960984
8,Plantation,9401.88032582934,1200.84758277557,12.7724193582484,3.85824938823269,0.424196144684955,0.985287443467553
